{
  "Random Forest": {
    "test_accuracy": 0.7559523809523809,
    "train_accuracy": 1.0,
    "test_f1": 0.703775682813734,
    "train_f1": 1.0,
    "cv_mean": 0.8689230719915375,
    "cv_std": 0.16159803287487867,
    "overfitting_score": 0.24404761904761907,
    "is_overfitting": false,
    "roc_auc": 0.8759689914327192
  },
  "Gradient Boosting": {
    "test_accuracy": 0.7094671201814059,
    "train_accuracy": 1.0,
    "test_f1": 0.590402285221318,
    "train_f1": 1.0,
    "cv_mean": 0.8363451683088179,
    "cv_std": 0.21230997973727928,
    "overfitting_score": 0.2905328798185941,
    "is_overfitting": false,
    "roc_auc": 0.9224059913861162
  },
  "Logistic Regression": {
    "test_accuracy": 0.5473356009070295,
    "train_accuracy": 0.9895302773061686,
    "test_f1": 0.3872156238693804,
    "train_f1": 0.9895455171485088,
    "cv_mean": 0.8678019481430134,
    "cv_std": 0.1620419705103279,
    "overfitting_score": 0.4421946763991391,
    "is_overfitting": true,
    "roc_auc": 0.5677340922479945
  },
  "Support Vector Machine": {
    "test_accuracy": 0.5473356009070295,
    "train_accuracy": 0.988398415393322,
    "test_f1": 0.3872156238693804,
    "train_f1": 0.9884079178988022,
    "cv_mean": 0.857615267799544,
    "cv_std": 0.17515460757225051,
    "overfitting_score": 0.4410628144862925,
    "is_overfitting": true,
    "roc_auc": 0.8514106880652904
  },
  "K-Nearest Neighbors": {
    "test_accuracy": 0.7100340136054422,
    "train_accuracy": 0.9997170345217884,
    "test_f1": 0.5963646845695595,
    "train_f1": 0.9997170507409946,
    "cv_mean": 0.8573307796178241,
    "cv_std": 0.1752364318356247,
    "overfitting_score": 0.28968302091634623,
    "is_overfitting": false,
    "roc_auc": 0.6823354544757484
  },
  "Decision Tree": {
    "test_accuracy": 0.6638321995464853,
    "train_accuracy": 1.0,
    "test_f1": 0.5553970578342102,
    "train_f1": 1.0,
    "cv_mean": 0.868073213634597,
    "cv_std": 0.16279040933409258,
    "overfitting_score": 0.3361678004535147,
    "is_overfitting": true,
    "roc_auc": 0.6286787726988103
  },
  "Neural Network": {
    "test_accuracy": 0.5473356009070295,
    "train_accuracy": 0.9943406904357668,
    "test_f1": 0.3872156238693804,
    "train_f1": 0.9943421534741662,
    "cv_mean": 0.8669544939115521,
    "cv_std": 0.16329078842911984,
    "overfitting_score": 0.4470050895287373,
    "is_overfitting": true,
    "roc_auc": 0.5471521422016757
  }
}